WKT,osm_id,tourism,amenity,operator,addr:housenumber,name,access,covered,leisure,website,cuisine,drive_through,addr:city,addr:postcode,wheelchair,outdoor_seating,delivery,opening_hours,smoking,addr:street,musical_instrument,level,capacity,bicycle_parking,check_date,backrest,material,seats
"POINT (11.6662818 48.2625682)",2104013214,artwork,,,,,,,,,,,,,,,,,,,,,,,,,,
"POINT (11.6680177 48.2623926)",303301102,,fast_food,Betriebsrestaurant GmbH,3,Cafeteria der FMI (Wilhelm Gastronomie),,,,https://www.wilhelm-gastronomie.de/Uni-Gastronomie/,"regional;german",no,Garching bei München,85748,limited,yes,no,Mo-Fr 07:00-19:00,no,Boltzmannstraße,,,,,,,,
"POINT (11.6687423 48.2624383)",9722827660,,piano,Fachschaft MPI,,,permissive,,,,,,,,,,,,,,piano,-1,,,,,,
"POINT (11.6691467 48.2618913)",3525236159,,bicycle_parking,,,,,no,,,,,,,,,,,,,,,48,stands,,,,
"POINT (11.6689206 48.2628521)",2104752166,,bench,,,,,,,,,,,,,,,,,,,,,,2021-03-26,no,,
"POINT (11.6690628 48.262811)",2104752044,,bench,,,,,,,,,,,,,,,,,,,,,,2021-03-26,no,,
"POINT (11.6690413 48.2628716)",2104752155,,bench,,,,,,,,,,,,,,,,,,,,,,2021-03-26,no,,
"POINT (11.6693256 48.2628645)",2104752106,,bench,,,,,,,,,,,,,,,,,,,,,,2021-03-26,no,,
"POINT (11.6680731 48.2632966)",7826899170,,bench,,,,,,,,,,,,,,,,,,,,,,,yes,wood,2
"POINT (11.6684608 48.2632252)",5846152140,,,,,,,no,picnic_table,,,,,,,,,,,,,,,,,no,,
"POINT (11.668519 48.2631967)",7826899168,,waste_basket,,,,,,,,,,,,,,,,,,,,,,,,steel,
"POINT (11.6688911 48.2629467)",2104013201,,bicycle_parking,,,,,no,,,,,,,,,,,,,,,32,stands,,,,
"POINT (11.6690226 48.2629448)",2104752165,,bench,,,,,,,,,,,,,,,,,,,,,,2021-03-26,no,,
